File,Class,Class_Name,Vibration_Samples,Acoustic_Samples,Expected_Samples,Vibration_Mean,Vibration_SD,Vibration_RMS,Vibration_Min,Vibration_Max,Vibration_Peak,Acoustic_Mean,Acoustic_SD,Acoustic_RMS,Acoustic_Min,Acoustic_Max,Acoustic_Peak
H_10_0.csv,H,Healthy,420000,420000,420000,1.5844744896690475,2.98314565346578,3.3778241827739293,-17.07661,20.861129,20.861129,0.0011870843880952382,0.006075406117420018,0.006190286015505223,-0.022617,0.020452,0.022617
H_9_0.csv,H,Healthy,420000,420000,420000,1.3522567890761905,8.494332520259155,8.60128546171134,-41.831216,44.552083,44.552083,0.00017876485476190471,0.00810328856826592,0.008105250529917687,-0.028535,0.033931,0.033931
H_8_0.csv,H,Healthy,420000,420000,420000,1.8193000179880954,3.461908675380127,3.910835677557646,-28.164612,28.048996,28.164612,0.00013340344523809537,0.007035655399383187,0.007036911646444361,-0.030179,0.024068,0.030179
H_7_0.csv,H,Healthy,420000,420000,420000,1.4744376937809522,2.818432601108698,3.180803346104691,-11.564841,16.090707,16.090707,-0.018322909197619048,0.021681006818311907,0.02838650980509903,-0.087057,0.086535,0.087057
H_6_0.csv,H,Healthy,420000,420000,420000,1.7278637566809523,8.05480439162419,8.23803571691031,-42.508099,55.382237,55.382237,-0.002935596497619048,0.023235059277105088,0.02341974425580837,-0.081139,0.123357,0.123357
H_5_0.csv,H,Healthy,420000,420000,420000,1.0943646329666668,7.014607599604923,7.099453258683285,-29.615077,33.593001,33.593001,-0.0035120502904761905,0.020971414803834236,0.0212634354932096,-0.073906,0.089494,0.089494
H_4_0.csv,H,Healthy,420000,420000,420000,0.6911606329642858,3.3961194122176384,3.465732624075933,-16.625354,20.023082,20.023082,0.005604945526190476,0.020903403143078314,0.02164177989332412,-0.071276,0.118426,0.118426
H_3_0.csv,H,Healthy,420000,420000,420000,2.256002934540476,2.7653694657362586,3.568865269928252,-11.145818,15.929544,15.929544,0.016093082166666665,0.02292500170305636,0.028009672354119372,-0.059769,0.133549,0.133549
H_2_0.csv,H,Healthy,420000,420000,420000,164.41620955419046,17.092273200534343,165.302253680172,114.722495,218.995233,218.995233,1.7071838095761904,0.1815669266448312,1.7168118796299556,1.405242,2.04372,2.04372
H_1_0.csv,H,Healthy,420000,420000,420000,0.9043595245,3.180170515541992,3.306255673379097,-29.550612,28.113461,29.550612,-0.004771448883333333,0.03318389866280099,0.03352514329683444,-0.119934,0.152618,0.152618
H_20_0.csv,H,Healthy,420000,420000,420000,3.5909284736285714,1.8667280193675588,4.047151159045915,-9.824283,16.090707,16.090707,-0.001245337980952381,0.030845043086051925,0.030870135801278648,-0.119605,0.139139,0.139139
H_18_0.csv,H,Healthy,420000,420000,420000,106.03530453350714,13.869204352087236,106.93848782775015,71.369611,137.349817,137.349817,-0.0038549693204761905,0.019695950114223294,0.020069636661381157,-0.07292,0.080946,0.080946
H_17_0.csv,H,Healthy,420000,420000,420000,112.67575259286905,13.460794047613529,113.47694817604963,79.105438,141.153271,141.153271,0.012809051114285713,0.02172372632984717,0.025218861046501513,-0.052207,0.112508,0.112508
H_16_0.csv,H,Healthy,420000,420000,420000,48.28999507300715,25.57291890470939,54.643355024893125,-37.802146,117.011013,117.011013,0.014010996417619048,0.0208343475048926,0.025107310152006977,-0.049248,0.133549,0.133549
H_15_0.csv,H,Healthy,420000,420000,420000,1.0260816715357144,2.6974125407919574,2.8859765570759204,-11.210283,12.802984,12.802984,-0.00564352019047619,0.022123017282852958,0.022831470573163138,-0.086399,0.101987,0.101987
H_14_0.csv,H,Healthy,420000,420000,420000,1.0744510966285714,2.6306517009061934,2.841611699996091,-10.952423,12.641821,12.641821,-0.00737047499047619,0.024302916772729888,0.02539594965700961,-0.09955,0.11744,0.11744
H_13_0.csv,H,Healthy,420000,420000,420000,1.3971559949476189,32.462508895619685,32.49252251811639,-194.387783,215.288469,215.288469,-0.004675372742857143,0.02741457845185764,0.027810365559468156,-0.110728,0.159522,0.159522
H_12_0.csv,H,Healthy,420000,420000,420000,1.693148345952381,7.9921883922845,8.169557793152316,-46.279308,51.514324,51.514324,-0.001342420761904762,0.02243915605480441,0.02247924863305923,-0.088043,0.149988,0.149988
H_11_0.csv,H,Healthy,420000,420000,420000,3.210556026116667,7.412083341297383,8.07753171755322,-35.771495,48.35553,48.35553,-0.00724947506904762,0.018996347270834952,0.020332615159333177,-0.081468,0.095412,0.095412
H_19_0.csv,H,Healthy,420000,420000,420000,90.7310989102619,18.724990687320798,92.64316893803824,47.678645,126.003922,126.003922,0.4152985840833333,0.05474545522463978,0.4188913602278111,0.282812,0.582981,0.582981
I_4_1.csv,I,Inner Race Fault,420000,420000,420000,46.58412705160239,36.351323921359864,59.08888641496251,-340.755639,448.106392,448.106392,0.000242473457142857,0.04241645935442902,0.04241710190287083,-0.260977,0.282154,0.282154
I_5_1.csv,I,Inner Race Fault,420000,420000,420000,55.5985387759738,35.0289551012136,65.71318199578977,-364.414314,417.323894,417.323894,-0.003769455204761905,0.038555472466621464,0.038739252836382465,-0.262621,0.310758,0.310758
I_4_2.csv,I,Inner Race Fault,420000,420000,420000,52.27893857541429,30.22033927081453,60.385049058233776,-331.730533,382.061061,382.061061,-0.0025535229880952384,0.03674847097293343,0.03683703819719815,-0.322786,0.345279,0.345279
I_3_2.csv,I,Inner Race Fault,420000,420000,420000,46.67356213915953,21.917931998387722,51.563708187489254,-80.478039,229.599804,229.599804,-0.0009469768142857143,0.03307233613044455,0.0330858516283803,-0.189305,0.209167,0.209167
I_5_2.csv,I,Inner Race Fault,420000,420000,420000,52.56875451291666,60.58875158509002,80.21509851150486,-473.77935,824.591592,824.591592,-0.003298739488095238,0.059867647622387735,0.059958388740804176,-0.491775,0.52446,0.52446
I_2_2.csv,I,Inner Race Fault,420000,420000,420000,48.50429658239762,21.01111742214935,52.85955723583485,-61.944327,210.227931,210.227931,-0.002480244514285714,0.03850269567143929,0.03858245271049034,-0.293526,0.261113,0.293526
I_2_1.csv,I,Inner Race Fault,420000,420000,420000,53.11535963689048,48.128154164859794,71.67674056224206,-645.321369,667.839964,667.839964,-0.004474577488095238,0.058920376401498165,0.05908996812701203,-0.658463,0.67175,0.67175
I_1_2.csv,I,Inner Race Fault,420000,420000,420000,49.6886384206381,19.000205155812598,53.197440958353525,-178.013665,307.248574,307.248574,-0.05235492991190476,0.027107325828859805,0.05895628931786399,-0.163332,0.116124,0.163332
I_1_1.csv,I,Inner Race Fault,420000,420000,420000,49.12675713195,32.39687019077015,58.84720015016434,-161.639546,283.46076,283.46076,-0.00285498275952381,0.051175262925490336,0.051254777597372445,-0.296813,0.373224,0.373224
I_3_1.csv,I,Inner Race Fault,420000,420000,420000,48.82792356416904,20.650784861055843,53.01528100083128,-58.721072,175.867865,175.867865,-0.00038956142619047616,0.03195652889095621,0.031958865208072174,-0.167277,0.187139,0.187139
O_9_2.csv,O,Outer Race Fault,420000,420000,420000,0.9650169398333334,14.428391771652302,14.460610331081462,-196.063874,239.720886,239.720886,-0.0018578885476190476,0.00982151947070499,0.009995687314877351,-0.052536,0.069768,0.069768
O_9_1.csv,O,Outer Race Fault,420000,420000,420000,0.9447217943500001,14.517546090889443,14.548235011929533,-174.854878,238.077016,238.077016,-0.0020823016714285715,0.009715744581178826,0.009936369974285904,-0.052536,0.062535,0.062535
O_8_2.csv,O,Outer Race Fault,420000,420000,420000,1.268615034661905,7.976304149541912,8.076550037768575,-133.017066,155.819136,155.819136,-0.001734622230952381,0.00742263185550893,0.007622614168830452,-0.053193,0.051685,0.053193
O_8_1.csv,O,Outer Race Fault,420000,420000,420000,1.347908191792857,7.574815809568293,7.693799739302828,-72.548834,70.596028,72.548834,0.001606222011904762,0.006938260853329918,0.007121748254649777,-0.033796,0.030315,0.033796
O_7_2.csv,O,Outer Race Fault,420000,420000,420000,1.042555855395238,22.05174218954431,22.07634703699437,-429.395114,493.329343,493.329343,-0.00404030885,0.013510491701851207,0.01410166823556272,-0.144921,0.132563,0.144921
O_7_1.csv,O,Outer Race Fault,420000,420000,420000,1.1230595391404763,22.429764706367052,22.457836264158782,-553.84511,437.630669,553.84511,0.0016198272523809524,0.013895088758633913,0.013989169819509697,-0.149852,0.148673,0.149852
O_6_2.csv,O,Outer Race Fault,420000,420000,420000,2.831661343914286,16.54188845503998,16.782482775677273,-177.30455,216.352149,216.352149,-0.004309249090476191,0.03339921445853177,0.033676022600664504,-0.13966,0.199304,0.199304
O_6_1.csv,O,Outer Race Fault,420000,420000,420000,1.692860776295238,16.203649187903256,16.29182001723176,-204.2187,143.893048,204.2187,-0.0019737627928571432,0.0333527530501938,0.033411064439847475,-0.117961,0.175303,0.175303
O_10_2.csv,O,Outer Race Fault,420000,420000,420000,1.2511190898642857,21.68548960801261,21.721524781849105,-163.541264,126.165085,163.541264,-0.0024983218404761903,0.010809904374009385,0.011094835121349955,-0.053193,0.058261,0.058261
O_10_1.csv,O,Outer Race Fault,420000,420000,420000,1.5568043253761905,18.74627252385008,18.810782453826114,-205.379071,125.681596,205.379071,0.0012778890404761905,0.009662626560137826,0.00974674972181044,-0.043001,0.060562,0.060562
B_15_1.csv,B,Ball Fault,420000,420000,420000,1.0344891434452381,8.061347357471567,8.12744328056275,-32.902798,35.559189,35.559189,-0.001626177069047619,0.0234598583447672,0.023516124149691266,-0.091331,0.119741,0.119741
B_14_2.csv,B,Ball Fault,420000,420000,420000,1.0745277496833334,19.510093604643796,19.539638073724745,-443.416275,474.795336,474.795336,-0.0014933355642857142,0.02412080019650229,0.024166954047998953,-0.155441,0.143413,0.155441
B_15_2.csv,B,Ball Fault,420000,420000,420000,1.0413062541928573,16.503579344633053,16.536378122311714,-71.678555,85.423032,85.423032,-0.0019273882714285714,0.02317994491645091,0.023259909556345677,-0.084098,0.140125,0.140125
B_14_1.csv,B,Ball Fault,420000,420000,420000,1.077780271197619,12.889090869694254,12.934058845381129,-253.373284,310.794185,310.794185,-0.0009789806880952383,0.024982959937755938,0.02500210399890039,-0.092975,0.127631,0.127631
B_13_2.csv,B,Ball Fault,420000,420000,420000,1.0867364471309524,42.06254974212166,42.07653591248593,-241.221626,354.920961,354.920961,-0.0021014472785714283,0.03157149848942847,0.03164132146885864,-0.12914,0.173331,0.173331
B_12_1.csv,B,Ball Fault,420000,420000,420000,3.0634313868904766,14.67273693856498,14.98910632883627,-101.20356,100.217808,101.20356,-0.004105094173809524,0.025671939624937735,0.025998052102402514,-0.105468,0.128289,0.128289
B_12_2.csv,B,Ball Fault,420000,420000,420000,3.0683197075738096,24.31163445179418,24.50446384376499,-123.927493,153.595081,153.595081,-0.004704692490476191,0.026146521074552256,0.026566389819023567,-0.090016,0.131248,0.131248
B_11_2.csv,B,Ball Fault,420000,420000,420000,1.8479138984071428,31.13674808388436,31.191498179613284,-293.277137,320.206172,320.206172,6.543522142857148e-05,0.02810057178443571,0.02810061451783763,-0.121578,0.144728,0.144728
B_11_1.csv,B,Ball Fault,420000,420000,420000,3.1144073727357147,32.647948111331836,32.79612037015609,-337.338992,392.504527,392.504527,-0.000944742830952381,0.029600551558455174,0.029615588891805218,-0.137359,0.219359,0.219359
B_13_1.csv,B,Ball Fault,420000,420000,420000,1.0727699506285715,43.74094895476637,43.75405004595827,-260.88346,299.609396,299.609396,-0.0019280089571428569,0.031611715648829225,0.03167041846130542,-0.124866,0.156235,0.156235
C_20_1.csv,C,Cage Fault,420000,420000,420000,5.011547052245238,12.173789434310681,13.164968674019823,-55.626747,71.724169,71.724169,-0.0011246171619047618,0.027849306632403436,0.02787197153123896,-0.101194,0.120398,0.120398
C_16_1.csv,C,Cage Fault,420000,420000,420000,-2.163357982654762,62.54916647775296,62.58649238924401,-771.96382,1068.054832,1068.054832,-0.014428563484761906,0.03553893493152299,0.038356177248523145,-0.280046,0.257168,0.280046
C_16_2.csv,C,Cage Fault,420000,420000,420000,-0.07683417627857139,85.70741031496316,85.70734272209646,-721.55175,1056.031448,1056.031448,0.00042585334190476184,0.04636670556081651,0.04636860594077498,-0.402678,0.511638,0.511638
C_17_1.csv,C,Cage Fault,420000,420000,420000,121.42457399606428,129.42662317099715,177.46869603296958,-615.151587,1068.054832,1068.054832,0.01878328635761905,0.08932782773209015,0.09128117908424543,-0.622627,0.582653,0.622627
C_17_2.csv,C,Cage Fault,420000,420000,420000,177.87311274943096,107.1905328315797,207.67432968761085,-342.657358,788.038634,788.038634,0.027678870766190477,0.05660497263407474,0.06300980229243472,-0.22547,0.334758,0.334758
C_18_1.csv,C,Cage Fault,420000,420000,420000,108.70668249552143,17.12326536044878,110.04702784571882,23.85876,183.281385,183.281385,0.001738361915238095,0.03001647960932777,0.030066739182583815,-0.212977,0.214099,0.214099
C_18_2.csv,C,Cage Fault,420000,420000,420000,107.54147640088809,24.138511588881226,110.21721962064356,-36.867402,205.812049,205.812049,0.0059732455252380955,0.04324138970721259,0.043651952922735354,-0.306019,0.295963,0.306019
C_19_1.csv,C,Cage Fault,420000,420000,420000,110.31490985316428,14.92201776916041,111.31956440831188,62.634573,153.659547,153.659547,0.016756221673809524,0.024661656152373788,0.029815546295028507,-0.107769,0.1467,0.1467
C_19_2.csv,C,Cage Fault,420000,420000,420000,110.72044061654762,15.850685997335972,111.84927187383923,42.714825,161.621018,161.621018,0.0006674724742857141,0.021810214108857424,0.02182039931792617,-0.071933,0.118755,0.118755
C_20_2.csv,C,Cage Fault,420000,420000,420000,72.54300611054047,23.794980412006144,76.34584127680976,-56.303631,194.240504,194.240504,-0.005448326111904762,0.037196594992541784,0.037593452118777945,-0.249141,0.229222,0.249141
